players/topology/mode/scenario,parties,rounds,mean_s,p90_s,p99_s,p90_no_touch_s,admin_pct,timeout_pct,vote_fallback_per_round_pct,crew_partial_per_round_pct,accepted_action_pct,repeat_game_pct,repeat_variant_pct,repeat_concept_pct,mean_actor_turn_gap,late_actions,no_response,shared_manual_skips
2/one/VOTE/quiet,556,10008,46.6,66,94,48,53.7,10.1,0.4,0.6,99.1,0.0,0.0,1.0,0.00,82,184,184
2/one/VOTE/conversation,556,10008,60.6,88,127,67,53.0,26.9,4.9,2.8,95.5,0.0,0.0,0.8,0.00,849,415,415
2/one/VOTE/interrupted,556,10008,65.6,94,139,77,50.5,37.8,11.8,7.2,87.8,0.0,0.0,0.8,0.00,2131,1272,1272
2/one/VOTE/disrupted,555,9990,53.3,76,107,58,52.4,20.2,4.1,2.9,95.0,0.0,0.0,1.0,0.00,743,661,661
2/one/FREE/quiet,556,10008,40.1,58,89,50,47.5,10.0,0.0,0.6,99.2,9.5,6.2,9.0,0.00,12,58,58
2/one/FREE/conversation,556,10008,52.6,79,118,69,47.9,24.3,0.0,2.7,96.1,9.5,6.1,8.8,0.00,209,111,111
2/one/FREE/interrupted,555,9990,58.3,87,133,81,43.9,39.3,0.0,7.5,88.2,9.4,6.2,8.8,0.00,600,317,317
2/one/FREE/disrupted,555,9990,46.5,69,101,63,45.5,19.9,0.0,3.1,94.9,8.7,5.7,8.4,0.00,192,229,229
2/one/TURBO/quiet,556,10008,36.3,54,79,49,41.1,17.5,0.0,2.2,97.0,0.0,0.0,0.6,0.00,193,57,57
2/one/TURBO/conversation,556,10008,46.8,71,108,65,40.9,35.7,0.0,8.2,88.7,0.0,0.0,0.8,0.00,766,119,119
2/one/TURBO/interrupted,555,9990,50.0,76,122,72,35.9,48.0,0.0,15.0,77.9,0.0,0.0,0.8,0.00,1376,284,284
2/one/TURBO/disrupted,555,9990,40.2,60,89,55,39.2,26.3,0.0,5.7,91.9,0.0,0.0,0.8,0.00,450,218,218
2/two/VOTE/quiet,556,10008,40.5,59,86,47,49.8,14.6,1.2,0.6,99.3,0.0,0.0,0.9,0.00,37,169,0
2/two/VOTE/conversation,556,10008,52.3,78,117,63,50.1,30.3,6.2,3.4,96.3,0.0,0.0,0.9,0.00,605,438,0
2/two/VOTE/interrupted,556,10008,57.5,84,130,74,46.8,43.3,17.0,8.4,90.0,0.0,0.0,0.7,0.00,1535,1234,0
2/two/VOTE/disrupted,555,9990,51.8,73,104,62,48.6,36.8,18.6,9.4,88.6,0.0,0.0,1.0,0.00,1519,1702,0
2/two/FREE/quiet,556,10008,39.0,57,85,49,49.5,13.3,0.0,0.5,99.1,10.3,7.0,9.5,0.00,20,60,0
2/two/FREE/conversation,556,10008,52.3,79,121,70,48.3,32.8,0.0,3.2,94.9,10.2,6.5,9.0,0.00,277,129,0
2/two/FREE/interrupted,555,9990,55.9,84,133,78,45.8,42.7,0.0,7.8,87.7,9.1,5.9,8.9,0.00,595,370,0
2/two/FREE/disrupted,555,9990,47.4,68,100,62,44.9,36.8,0.0,8.5,86.7,11.0,6.8,9.4,0.00,658,449,0
2/two/TURBO/quiet,556,10008,34.5,51,79,46,43.5,23.4,0.0,2.7,96.5,0.0,0.0,0.9,0.00,234,58,0
2/two/TURBO/conversation,556,10008,44.7,69,109,63,42.6,42.8,0.0,9.2,87.4,0.0,0.0,0.8,0.00,868,122,0
2/two/TURBO/interrupted,555,9990,47.4,72,116,69,37.9,53.7,0.0,16.1,76.5,0.0,0.0,0.8,0.00,1404,373,0
2/two/TURBO/disrupted,555,9990,40.8,60,90,57,38.9,45.7,0.0,15.6,77.4,0.0,0.0,0.8,0.00,1312,516,0
2/individual/VOTE/quiet,556,10008,37.2,55,85,44,46.9,13.5,1.2,0.5,99.3,0.0,0.0,0.8,0.00,24,176,0
2/individual/VOTE/conversation,556,10008,50.2,77,114,63,47.5,31.2,6.2,3.2,96.4,0.0,0.0,0.9,0.00,600,406,0
2/individual/VOTE/interrupted,555,9990,55.5,83,130,73,44.5,43.8,18.1,7.9,89.7,0.0,0.0,0.7,0.00,1541,1294,0
2/individual/VOTE/disrupted,555,9990,48.8,71,99,60,46.4,35.9,19.1,9.5,88.4,0.0,0.0,0.9,0.00,1571,1707,0
2/individual/FREE/quiet,556,10008,37.2,57,88,50,45.7,13.4,0.0,0.5,99.2,8.8,6.1,8.2,0.00,26,44,0
2/individual/FREE/conversation,556,10008,48.9,75,116,66,46.6,29.5,0.0,3.2,95.2,8.5,5.8,7.9,0.00,263,121,0
2/individual/FREE/interrupted,555,9990,54.5,83,131,78,43.0,44.0,0.0,7.5,88.0,8.4,4.8,7.0,0.00,564,344,0
2/individual/FREE/disrupted,555,9990,44.4,65,95,59,41.9,34.5,0.0,9.8,85.2,9.3,6.2,8.6,0.00,709,542,0
2/individual/TURBO/quiet,556,10008,31.8,49,76,43,39.5,21.8,0.0,2.1,97.2,0.0,0.0,0.8,0.00,183,50,0
2/individual/TURBO/conversation,556,10008,41.5,66,105,60,39.9,39.6,0.0,8.3,88.7,0.0,0.0,0.9,0.00,781,115,0
2/individual/TURBO/interrupted,555,9990,44.6,70,114,67,34.7,52.5,0.0,15.3,77.5,0.0,0.0,0.7,0.00,1358,348,0
2/individual/TURBO/disrupted,555,9990,37.8,56,86,52,35.2,43.5,0.0,14.6,79.3,0.0,0.0,0.9,0.00,1225,483,0
3/one/VOTE/quiet,556,10008,58.6,80,102,58,53.6,10.7,0.7,1.0,99.0,0.0,0.0,0.8,0.09,178,275,275
3/one/VOTE/conversation,556,10008,73.9,101,136,79,53.4,26.4,8.8,5.7,93.5,0.0,0.0,0.9,0.08,2304,706,706
3/one/VOTE/interrupted,556,10008,80.9,108,147,93,51.1,41.1,19.2,14.0,83.8,0.0,0.0,0.8,0.05,5335,2110,2110
3/one/VOTE/disrupted,555,9990,65.8,88,116,69,52.7,19.1,5.6,6.0,94.1,0.0,0.0,1.0,0.13,1567,1185,1185
3/one/FREE/quiet,556,10008,47.0,67,91,62,41.4,11.6,0.0,1.2,98.9,10.4,2.5,4.7,0.09,75,117,117
3/one/FREE/conversation,556,10008,59.6,85,119,76,42.5,26.9,0.0,5.6,93.7,10.0,2.9,4.8,0.07,765,249,249
3/one/FREE/interrupted,555,9990,65.6,93,131,88,39.3,42.3,0.0,15.3,83.1,9.7,2.8,5.0,0.03,1870,767,767
3/one/FREE/disrupted,555,9990,52.1,74,104,68,40.5,19.4,0.0,5.8,94.2,9.8,3.0,4.7,0.10,516,458,458
3/one/TURBO/quiet,556,10008,41.9,60,81,55,35.6,17.7,0.0,4.5,96.0,0.0,0.0,0.7,0.05,568,113,113
3/one/TURBO/conversation,556,10008,51.6,75,109,69,36.7,34.7,0.0,13.8,85.8,0.0,0.0,0.8,0.03,2013,238,238
3/one/TURBO/interrupted,555,9990,56.0,81,123,78,32.1,50.8,0.0,25.6,71.2,0.0,0.0,0.8,0.01,3661,670,670
3/one/TURBO/disrupted,555,9990,46.2,66,93,62,34.0,27.7,0.0,10.8,89.2,0.0,0.0,1.0,0.05,1358,413,413
3/two/VOTE/quiet,556,10008,48.7,68,93,54,53.3,14.9,3.6,1.3,98.8,0.0,0.0,0.8,0.08,295,287,0
3/two/VOTE/conversation,556,10008,61.3,87,123,72,53.0,31.5,12.8,5.6,94.9,0.0,0.0,0.7,0.03,1678,661,0
3/two/VOTE/interrupted,556,10008,67.5,94,136,84,50.0,45.7,29.9,13.1,87.1,0.0,0.0,0.9,0.01,3773,2085,0
3/two/VOTE/disrupted,555,9990,61.4,83,110,73,51.7,38.3,31.4,15.2,85.8,0.0,0.0,0.8,0.00,3792,2823,0
3/two/FREE/quiet,556,10008,41.9,61,86,53,46.1,14.5,0.0,1.2,98.9,9.5,2.6,4.7,0.06,89,97,0
3/two/FREE/conversation,556,10008,54.5,80,120,73,46.1,31.8,0.0,5.9,94.5,9.5,2.6,5.1,0.05,621,270,0
3/two/FREE/interrupted,555,9990,60.2,88,131,83,42.8,46.6,0.0,13.4,86.2,9.7,2.0,4.1,0.03,1421,714,0
3/two/FREE/disrupted,555,9990,51.5,73,102,69,41.5,38.9,0.0,14.3,85.2,9.5,2.1,4.2,0.01,1438,1055,0
3/two/TURBO/quiet,556,10008,37.0,54,77,49,40.5,24.0,0.0,6.2,95.3,0.0,0.0,0.8,0.01,676,114,0
3/two/TURBO/conversation,556,10008,47.6,72,109,67,40.4,43.7,0.0,14.8,86.9,0.0,0.0,1.0,0.03,1813,251,0
3/two/TURBO/interrupted,555,9990,50.0,74,120,72,35.9,55.5,0.0,24.1,76.0,0.0,0.0,0.8,0.01,2951,697,0
3/two/TURBO/disrupted,555,9990,43.9,63,92,60,36.2,48.1,0.0,23.9,76.7,0.0,0.0,0.8,0.00,2778,1014,0
3/individual/VOTE/quiet,556,10008,39.0,58,84,47,46.5,13.2,1.8,0.8,99.4,0.0,0.0,0.9,0.07,23,270,0
3/individual/VOTE/conversation,556,10008,51.8,77,114,65,47.3,30.4,8.7,3.6,97.0,0.0,0.0,0.8,0.08,717,686,0
3/individual/VOTE/interrupted,555,9990,59.6,87,132,78,44.5,45.6,23.6,10.9,90.9,0.0,0.0,1.0,0.05,2076,2040,0
3/individual/VOTE/disrupted,555,9990,52.8,74,104,66,46.1,37.9,24.0,12.1,90.0,0.0,0.0,0.8,0.00,1828,2817,0
3/individual/FREE/quiet,556,10008,37.3,55,82,48,45.2,13.8,0.0,0.8,99.3,9.8,2.6,5.3,0.07,18,106,0
3/individual/FREE/conversation,556,10008,49.8,76,112,67,45.9,29.1,0.0,4.2,96.4,9.5,2.7,4.4,0.07,331,255,0
3/individual/FREE/interrupted,555,9990,55.8,83,127,78,41.7,45.1,0.0,10.1,90.8,9.3,2.0,4.0,0.04,746,663,0
3/individual/FREE/disrupted,555,9990,47.4,69,97,64,39.6,38.0,0.0,12.8,88.1,8.7,2.3,4.2,0.01,903,1070,0
3/individual/TURBO/quiet,556,10008,32.4,50,74,44,38.5,21.2,0.0,1.5,98.9,0.0,0.0,0.7,0.05,84,108,0
3/individual/TURBO/conversation,556,10008,43.8,67,106,62,38.3,42.6,0.0,6.6,94.1,0.0,0.0,0.8,0.03,699,227,0
3/individual/TURBO/interrupted,555,9990,47.1,72,117,70,33.2,55.3,0.0,15.2,85.1,0.0,0.0,0.9,0.01,1604,651,0
3/individual/TURBO/disrupted,555,9990,40.0,58,85,56,33.3,46.9,0.0,16.5,84.3,0.0,0.0,0.6,0.00,1531,1027,0
4/one/VOTE/quiet,556,10008,70.5,91,113,66,53.4,12.0,1.1,1.6,98.7,0.0,0.0,0.7,1.00,474,383,383
4/one/VOTE/conversation,556,10008,87.4,115,148,91,53.5,31.2,11.3,8.9,91.5,0.0,0.0,0.8,1.00,4511,965,965
4/one/VOTE/interrupted,556,10008,94.8,123,160,108,51.5,45.6,25.8,20.0,80.0,0.0,0.0,0.9,1.00,9950,2896,2896
4/one/VOTE/disrupted,555,9990,79.6,104,131,83,52.6,22.6,8.4,8.4,92.6,0.0,0.0,0.7,1.00,3174,1657,1657
4/one/FREE/quiet,556,10008,52.5,72,93,66,37.0,11.8,0.0,1.7,98.3,9.0,1.6,3.5,1.00,274,158,158
4/one/FREE/conversation,556,10008,66.2,92,127,84,38.1,32.3,0.0,8.7,90.8,9.7,1.6,3.7,1.00,1828,408,408
4/one/FREE/interrupted,555,9990,70.9,98,138,93,36.0,45.0,0.0,20.6,78.8,9.2,1.3,3.0,1.00,3950,1076,1076
4/one/FREE/disrupted,555,9990,58.2,81,107,75,36.0,22.3,0.0,8.1,92.5,9.3,1.8,3.7,1.00,1242,625,625
4/one/TURBO/quiet,556,10008,47.1,65,84,60,31.6,18.4,0.0,6.7,94.2,0.0,0.0,0.8,1.00,1306,173,173
4/one/TURBO/conversation,556,10008,56.9,80,111,75,33.3,38.7,0.0,20.7,79.5,0.0,0.0,0.8,1.00,4535,356,356
4/one/TURBO/interrupted,555,9990,60.6,85,124,83,29.6,55.0,0.0,34.0,64.8,0.0,0.0,0.6,1.00,7116,1077,1077
4/one/TURBO/disrupted,555,9990,51.7,72,97,68,30.4,29.7,0.0,14.9,86.5,0.0,0.0,0.6,1.00,2720,645,645
4/two/VOTE/quiet,556,10008,53.9,73,97,57,50.9,16.6,2.7,2.1,99.0,0.0,0.0,1.0,1.02,220,404,0
4/two/VOTE/conversation,556,10008,68.9,94,129,78,51.2,36.4,12.2,8.3,95.3,0.0,0.0,0.8,1.03,1990,1026,0
4/two/VOTE/interrupted,556,10008,74.8,100,139,89,49.3,49.4,30.7,17.6,88.0,0.0,0.0,0.8,1.00,4703,2870,0
4/two/VOTE/disrupted,555,9990,69.2,90,117,80,50.9,43.2,33.8,19.1,86.7,0.0,0.0,1.0,1.00,4662,3965,0
4/two/FREE/quiet,556,10008,45.7,64,89,58,42.3,16.0,0.0,2.3,98.7,9.3,1.7,3.6,1.02,180,171,0
4/two/FREE/conversation,556,10008,59.2,84,121,77,43.1,36.0,0.0,8.6,94.2,9.0,1.6,3.1,1.00,1030,380,0
4/two/FREE/interrupted,555,9990,64.4,91,134,86,40.1,52.5,0.0,18.3,85.9,9.5,1.9,3.6,1.01,2207,1058,0
4/two/FREE/disrupted,555,9990,55.6,76,102,73,38.4,42.5,0.0,20.1,84.9,9.3,1.2,3.2,1.00,2305,1527,0
4/two/TURBO/quiet,556,10008,40.8,58,79,54,36.9,27.1,0.0,11.3,94.8,0.0,0.0,0.7,1.01,1166,144,0
4/two/TURBO/conversation,556,10008,50.6,73,107,68,37.7,46.7,0.0,23.0,86.0,0.0,0.0,0.7,1.01,2965,359,0
4/two/TURBO/interrupted,555,9990,53.0,76,117,74,33.6,59.1,0.0,34.2,73.9,0.0,0.0,0.8,1.00,4881,1054,0
4/two/TURBO/disrupted,555,9990,46.9,66,91,63,33.8,50.7,0.0,33.1,75.2,0.0,0.0,0.9,1.00,4639,1444,0
4/individual/VOTE/quiet,556,10008,40.0,58,84,47,46.5,13.7,2.9,1.0,99.3,0.0,0.0,1.0,1.02,17,415,0
4/individual/VOTE/conversation,556,10008,54.3,80,118,68,46.9,32.0,10.5,5.3,97.1,0.0,0.0,1.0,1.02,860,971,0
4/individual/VOTE/interrupted,555,9990,62.4,89,135,81,44.5,46.4,29.0,14.0,91.6,0.0,0.0,0.8,1.01,2395,2925,0
4/individual/VOTE/disrupted,555,9990,55.9,78,106,70,46.3,39.4,30.3,15.4,90.5,0.0,0.0,0.9,1.01,2252,3928,0
4/individual/FREE/quiet,556,10008,38.1,57,85,50,44.1,13.5,0.0,1.3,99.3,9.0,1.6,3.2,1.01,10,181,0
4/individual/FREE/conversation,556,10008,51.9,78,114,70,44.4,32.8,0.0,4.7,97.2,9.5,1.7,3.6,1.01,320,351,0
4/individual/FREE/interrupted,555,9990,57.5,85,135,81,40.6,46.2,0.0,14.8,91.1,10.0,1.7,3.6,1.00,948,1135,0
4/individual/FREE/disrupted,555,9990,49.1,70,101,67,38.2,40.5,0.0,15.4,89.5,9.3,1.4,3.3,1.00,1101,1524,0
4/individual/TURBO/quiet,556,10008,33.9,52,78,47,37.1,24.8,0.0,1.7,99.1,0.0,0.0,0.7,1.02,64,168,0
4/individual/TURBO/conversation,556,10008,44.8,69,106,64,37.5,45.0,0.0,7.7,95.6,0.0,0.0,0.8,1.00,652,373,0
4/individual/TURBO/interrupted,555,9990,47.5,72,113,69,32.2,55.3,0.0,17.2,88.9,0.0,0.0,1.0,1.00,1523,1000,0
4/individual/TURBO/disrupted,555,9990,41.7,60,87,58,32.1,48.2,0.0,20.0,86.7,0.0,0.0,0.8,1.00,1724,1553,0
5/one/VOTE/quiet,556,10008,82.5,104,128,74,53.2,14.6,1.0,1.9,98.2,0.0,0.0,0.8,1.04,980,549,549
5/one/VOTE/conversation,556,10008,99.2,126,156,100,53.7,35.5,13.3,10.6,89.5,0.0,0.0,1.0,1.03,7496,1221,1221
5/one/VOTE/interrupted,556,10008,107.6,138,175,123,52.0,51.1,32.9,26.5,75.4,0.0,0.0,1.0,1.02,16539,3901,3901
5/one/VOTE/disrupted,555,9990,91.1,116,144,93,52.7,25.5,10.2,10.9,91.2,0.0,0.0,0.9,1.03,5255,2105,2105
5/one/FREE/quiet,556,10008,57.8,77,96,72,33.3,15.1,0.0,2.1,97.0,10.1,1.3,3.1,1.05,831,200,200
5/one/FREE/conversation,556,10008,71.4,96,131,89,35.3,36.2,0.0,11.1,87.3,8.9,1.1,2.7,1.04,3630,518,518
5/one/FREE/interrupted,555,9990,76.7,103,140,99,33.3,49.7,0.0,25.0,75.5,9.0,1.3,3.0,1.02,6421,1406,1406
5/one/FREE/disrupted,555,9990,64.3,86,114,82,32.7,27.2,0.0,10.4,89.7,9.6,0.9,2.5,1.04,2647,810,810
5/one/TURBO/quiet,556,10008,52.4,71,88,67,28.5,21.3,0.0,8.2,92.4,0.0,0.0,0.7,1.02,2377,196,196
5/one/TURBO/conversation,556,10008,62.1,86,118,82,30.8,45.8,0.0,26.3,73.5,0.0,0.0,0.8,1.01,7892,506,506
5/one/TURBO/interrupted,555,9990,63.9,89,126,87,27.8,58.8,0.0,40.3,57.6,0.0,0.0,1.0,1.01,11782,1407,1407
5/one/TURBO/disrupted,555,9990,57.0,78,103,75,27.7,34.7,0.0,20.8,81.0,0.0,0.0,0.9,1.03,5449,850,850
5/two/VOTE/quiet,556,10008,61.8,81,102,63,52.7,20.8,4.8,2.3,98.5,0.0,0.0,0.7,1.05,758,509,0
5/two/VOTE/conversation,556,10008,77.6,103,138,86,52.9,42.3,17.8,9.2,93.9,0.0,0.0,0.8,1.05,3692,1278,0
5/two/VOTE/interrupted,556,10008,84.6,110,152,99,50.7,55.8,42.0,22.5,84.6,0.0,0.0,0.9,1.01,8643,3797,0
5/two/VOTE/disrupted,555,9990,78.7,100,126,90,51.9,49.2,42.4,22.7,84.1,0.0,0.0,1.0,1.00,8033,5166,0
5/two/FREE/quiet,556,10008,49.1,68,90,62,39.4,22.7,0.0,2.4,97.7,9.7,1.2,3.0,1.06,610,186,0
5/two/FREE/conversation,556,10008,61.8,86,119,80,41.0,41.5,0.0,9.3,92.5,9.6,0.9,2.5,1.03,1951,510,0
5/two/FREE/interrupted,555,9990,67.2,92,136,89,38.3,55.9,0.0,21.7,83.1,9.5,1.1,2.5,1.01,3864,1363,0
5/two/FREE/disrupted,555,9990,58.2,78,103,76,36.1,47.9,0.0,22.6,82.7,9.5,0.8,2.6,1.00,3759,2027,0
5/two/TURBO/quiet,556,10008,43.7,61,82,57,34.4,33.2,0.0,12.0,93.0,0.0,0.0,0.9,1.01,2139,210,0
5/two/TURBO/conversation,556,10008,53.4,77,111,73,35.9,52.0,0.0,25.6,82.4,0.0,0.0,0.9,1.01,5100,478,0
5/two/TURBO/interrupted,555,9990,55.9,79,121,78,32.2,65.5,0.0,38.0,68.4,0.0,0.0,0.7,1.01,8019,1373,0
5/two/TURBO/disrupted,555,9990,49.6,68,94,67,31.9,55.8,0.0,36.7,71.0,0.0,0.0,0.9,1.00,7434,2012,0
5/individual/VOTE/quiet,556,10008,41.4,60,86,49,45.8,16.4,3.1,1.5,99.4,0.0,0.0,0.8,1.06,19,506,0
5/individual/VOTE/conversation,556,10008,56.3,82,120,72,46.6,36.0,13.1,6.7,97.1,0.0,0.0,0.7,1.04,1067,1278,0
5/individual/VOTE/interrupted,555,9990,64.6,92,134,84,44.7,49.4,33.5,17.7,91.9,0.0,0.0,0.9,1.02,2865,3705,0
5/individual/VOTE/disrupted,555,9990,59.3,82,110,74,46.2,42.3,34.7,18.7,91.0,0.0,0.0,0.9,1.00,2382,5112,0
5/individual/FREE/quiet,556,10008,39.1,58,85,51,43.1,16.0,0.0,1.2,99.4,9.5,1.3,2.9,1.03,6,193,0
5/individual/FREE/conversation,556,10008,53.1,79,117,72,43.4,35.7,0.0,6.6,97.1,9.6,0.9,2.4,1.02,420,504,0
5/individual/FREE/interrupted,555,9990,59.1,87,131,83,39.3,49.1,0.0,17.9,91.4,9.4,1.2,2.7,1.02,1207,1460,0
5/individual/FREE/disrupted,555,9990,50.5,72,102,70,37.1,41.9,0.0,19.2,89.9,9.9,1.2,2.7,1.01,1318,2052,0
5/individual/TURBO/quiet,556,10008,34.4,52,78,47,36.4,26.8,0.0,1.8,99.3,0.0,0.0,0.9,1.02,52,193,0
5/individual/TURBO/conversation,556,10008,45.8,71,106,66,36.7,46.3,0.0,8.7,96.3,0.0,0.0,0.8,1.01,666,487,0
5/individual/TURBO/interrupted,555,9990,49.4,74,117,72,31.1,59.3,0.0,20.7,89.7,0.0,0.0,0.8,1.01,1720,1377,0
5/individual/TURBO/disrupted,555,9990,42.8,62,92,60,31.2,49.0,0.0,23.0,88.0,0.0,0.0,0.9,1.00,2001,1954,0
6/one/VOTE/quiet,556,10008,95.0,117,139,84,53.3,21.0,1.5,2.8,96.9,0.0,0.0,0.9,0.19,2517,644,644
6/one/VOTE/conversation,556,10008,111.9,141,172,113,54.0,41.2,17.0,13.3,86.9,0.0,0.0,1.0,0.15,11748,1542,1542
6/one/VOTE/interrupted,556,10008,117.4,150,186,133,52.5,52.4,36.1,29.0,73.4,0.0,0.0,0.9,0.10,22309,4517,4517
6/one/VOTE/disrupted,555,9990,104.3,131,158,107,53.0,31.9,12.0,14.0,89.0,0.0,0.0,0.8,0.17,8586,2643,2643
6/one/FREE/quiet,556,10008,63.6,83,101,78,30.4,20.8,0.0,2.7,94.7,9.1,0.5,2.1,0.15,1997,279,279
6/one/FREE/conversation,556,10008,76.3,102,135,94,33.0,40.8,0.0,13.2,83.7,9.8,0.7,2.2,0.16,6084,610,610
6/one/FREE/interrupted,555,9990,81.3,109,147,105,31.4,53.3,0.0,29.8,70.3,9.5,0.7,2.2,0.08,10073,1803,1803
6/one/FREE/disrupted,555,9990,70.3,93,119,89,30.1,31.9,0.0,12.9,86.9,9.4,0.8,2.1,0.17,4517,1067,1067
6/one/TURBO/quiet,556,10008,57.1,75,93,72,26.1,26.7,0.0,10.1,89.6,0.0,0.0,1.0,0.13,4133,276,276
6/one/TURBO/conversation,556,10008,65.5,90,120,86,28.9,48.8,0.0,29.6,69.4,0.0,0.0,0.8,0.06,11580,628,628
6/one/TURBO/interrupted,555,9990,67.1,94,130,92,26.6,61.1,0.0,42.6,54.1,0.0,0.0,0.9,0.04,15871,1657,1657
6/one/TURBO/disrupted,555,9990,61.5,82,106,80,25.6,40.4,0.0,22.8,78.5,0.0,0.0,0.8,0.12,7886,996,996
6/two/VOTE/quiet,556,10008,66.8,85,105,66,51.5,28.1,4.4,3.2,98.2,0.0,0.0,1.0,0.20,1160,664,0
6/two/VOTE/conversation,556,10008,82.9,107,140,91,52.4,47.0,17.2,10.2,94.1,0.0,0.0,1.0,0.12,4369,1558,0
6/two/VOTE/interrupted,556,10008,91.8,118,157,106,51.0,59.3,41.9,25.4,84.5,0.0,0.0,0.7,0.08,10652,4577,0
6/two/VOTE/disrupted,555,9990,85.3,107,134,96,51.9,52.6,44.3,25.2,84.2,0.0,0.0,1.0,0.01,9738,6258,0
6/two/FREE/quiet,556,10008,51.6,70,90,65,37.5,27.9,0.0,2.5,97.0,9.5,0.6,2.1,0.16,1041,269,0
6/two/FREE/conversation,556,10008,65.4,90,125,84,38.9,48.1,0.0,11.1,91.1,8.7,0.6,2.0,0.13,3010,599,0
6/two/FREE/interrupted,555,9990,70.8,97,137,92,36.3,59.7,0.0,24.5,82.0,8.9,0.3,1.4,0.09,5189,1777,0
6/two/FREE/disrupted,555,9990,61.8,82,107,79,34.3,52.6,0.0,24.8,81.5,9.6,0.6,2.2,0.00,5251,2509,0
6/two/TURBO/quiet,556,10008,46.0,62,82,59,32.5,36.4,0.0,12.4,93.5,0.0,0.0,0.8,0.07,2475,255,0
6/two/TURBO/conversation,556,10008,55.9,78,110,75,34.2,57.9,0.0,29.4,80.6,0.0,0.0,0.8,0.03,6981,610,0
6/two/TURBO/interrupted,555,9990,57.8,81,121,80,30.9,67.7,0.0,42.1,66.1,0.0,0.0,0.6,0.03,10898,1748,0
6/two/TURBO/disrupted,555,9990,51.7,70,96,68,30.5,59.4,0.0,41.3,68.4,0.0,0.0,0.9,0.00,10396,2547,0
6/individual/VOTE/quiet,556,10008,42.1,61,86,51,45.8,18.2,3.8,1.8,99.4,0.0,0.0,0.8,0.22,19,637,0
6/individual/VOTE/conversation,556,10008,57.5,84,120,73,46.9,36.8,15.1,8.1,97.2,0.0,0.0,0.9,0.12,1206,1554,0
6/individual/VOTE/interrupted,555,9990,66.5,93,135,86,45.2,50.3,38.8,20.7,92.0,0.0,0.0,0.9,0.06,3442,4455,0
6/individual/VOTE/disrupted,555,9990,61.3,84,113,78,46.7,43.0,38.6,20.8,91.3,0.0,0.0,0.8,0.00,2612,6182,0
6/individual/FREE/quiet,556,10008,39.5,58,84,53,42.6,17.8,0.0,2.0,99.3,9.0,0.5,2.2,0.20,9,292,0
6/individual/FREE/conversation,556,10008,53.3,79,116,72,42.8,37.5,0.0,8.3,97.1,9.1,0.7,2.2,0.15,522,638,0
6/individual/FREE/interrupted,555,9990,59.5,86,129,84,38.7,50.9,0.0,20.2,91.9,9.6,0.8,2.2,0.07,1344,1761,0
6/individual/FREE/disrupted,555,9990,51.7,73,104,70,36.3,43.9,0.0,21.4,90.2,9.6,0.6,2.0,0.01,1504,2561,0
6/individual/TURBO/quiet,556,10008,34.4,51,78,46,36.2,27.6,0.0,2.2,99.3,0.0,0.0,0.9,0.12,73,230,0
6/individual/TURBO/conversation,556,10008,46.2,71,112,66,36.0,47.6,0.0,9.6,96.7,0.0,0.0,1.0,0.03,720,578,0
6/individual/TURBO/interrupted,555,9990,50.0,75,115,73,30.8,59.2,0.0,24.1,90.5,0.0,0.0,0.8,0.02,1848,1711,0
6/individual/TURBO/disrupted,555,9990,44.2,64,95,62,30.3,51.3,0.0,26.0,88.0,0.0,0.0,0.8,0.01,2390,2507,0
