players/topology/mode/scenario,parties,rounds,mean_s,p90_s,p99_s,p90_global_no_touch_s,admin_pct,timeout_pct,vote_fallback_per_round_pct,crew_partial_per_round_pct,accepted_action_pct,repeat_game_pct,repeat_variant_pct,repeat_concept_pct,mean_actor_turn_gap,late_actions,no_response,shared_manual_skips
2/one/VOTE/quiet,556,10008,45.9,63,93,37,54.5,18.8,0.5,0.6,99.1,0.0,0.0,0.8,0.00,77,179,179
2/one/VOTE/conversation,556,10008,59.6,86,127,54,54.1,37.8,4.8,2.8,95.5,0.0,0.0,0.9,0.00,802,403,403
2/one/VOTE/interrupted,556,10008,64.3,91,136,55,51.5,48.2,12.5,7.4,87.2,0.0,0.0,0.7,0.00,2233,1208,1208
2/one/VOTE/disrupted,555,9990,52.7,74,106,44,53.0,30.6,4.1,3.1,94.8,0.0,0.0,1.0,0.00,737,686,686
2/one/FREE/quiet,556,10008,39.5,55,89,35,48.2,17.0,0.0,0.5,99.3,9.7,6.2,9.0,0.00,14,45,45
2/one/FREE/conversation,556,10008,51.7,77,118,51,48.9,35.6,0.0,2.8,95.8,9.1,6.1,8.8,0.00,212,92,92
2/one/FREE/interrupted,555,9990,57.0,85,129,56,44.9,49.8,0.0,7.6,87.7,9.2,6.2,8.8,0.00,548,300,300
2/one/FREE/disrupted,555,9990,45.5,65,100,42,46.5,28.9,0.0,3.1,95.0,8.5,5.7,8.2,0.00,160,210,210
2/one/TURBO/quiet,556,10008,35.5,50,80,37,42.1,28.3,0.0,2.2,97.0,0.0,0.0,0.6,0.00,186,44,44
2/one/TURBO/conversation,556,10008,45.6,70,109,54,41.6,49.1,0.0,8.4,87.0,0.0,0.0,0.9,0.00,762,115,115
2/one/TURBO/interrupted,555,9990,48.9,76,122,58,36.6,59.6,0.0,15.2,75.8,0.0,0.0,0.8,0.00,1295,299,299
2/one/TURBO/disrupted,555,9990,39.2,57,86,42,40.1,39.3,0.0,5.6,91.6,0.0,0.0,0.8,0.00,423,185,185
2/two/VOTE/quiet,556,10008,40.2,57,86,37,50.3,22.2,1.2,0.6,99.3,0.0,0.0,1.0,0.00,31,163,0
2/two/VOTE/conversation,556,10008,51.3,76,117,51,50.7,39.2,5.9,3.1,96.5,0.0,0.0,0.9,0.00,552,405,0
2/two/VOTE/interrupted,556,10008,56.8,83,130,56,47.3,52.2,16.9,8.5,89.9,0.0,0.0,0.7,0.00,1495,1225,0
2/two/VOTE/disrupted,555,9990,50.9,71,104,44,49.5,44.3,18.5,9.1,88.5,0.0,0.0,1.0,0.00,1503,1628,0
2/two/FREE/quiet,556,10008,38.6,55,85,36,49.9,20.7,0.0,0.4,99.3,10.2,6.9,9.5,0.00,11,45,0
2/two/FREE/conversation,556,10008,51.5,78,118,54,49.2,42.2,0.0,3.1,95.0,9.9,6.3,8.8,0.00,251,103,0
2/two/FREE/interrupted,555,9990,54.9,82,133,55,46.5,50.2,0.0,7.5,87.9,9.2,6.3,9.3,0.00,551,291,0
2/two/FREE/disrupted,555,9990,46.6,65,99,43,45.3,43.7,0.0,8.8,86.1,10.6,6.5,8.8,0.00,618,423,0
2/two/TURBO/quiet,556,10008,34.1,49,75,36,44.1,32.9,0.0,2.6,96.3,0.0,0.0,0.8,0.00,228,49,0
2/two/TURBO/conversation,556,10008,43.9,68,110,53,43.3,52.6,0.0,9.1,86.2,0.0,0.0,0.8,0.00,829,114,0
2/two/TURBO/interrupted,555,9990,46.4,71,117,55,38.3,62.4,0.0,15.9,75.1,0.0,0.0,0.8,0.00,1325,318,0
2/two/TURBO/disrupted,555,9990,39.9,58,89,43,39.6,54.3,0.0,15.9,75.6,0.0,0.0,0.8,0.00,1284,454,0
2/individual/VOTE/quiet,556,10008,37.0,53,85,37,47.2,20.3,1.3,0.6,99.3,0.0,0.0,0.8,0.00,36,166,0
2/individual/VOTE/conversation,556,10008,49.6,75,115,53,47.9,40.1,5.8,3.2,96.4,0.0,0.0,0.8,0.00,586,373,0
2/individual/VOTE/interrupted,555,9990,54.8,82,130,57,45.2,51.7,18.2,8.0,89.6,0.0,0.0,0.8,0.00,1517,1252,0
2/individual/VOTE/disrupted,555,9990,48.1,68,99,44,46.9,43.9,19.0,9.6,88.4,0.0,0.0,0.8,0.00,1504,1659,0
2/individual/FREE/quiet,556,10008,36.8,55,88,38,46.2,21.0,0.0,0.5,99.0,9.1,6.1,8.2,0.00,26,51,0
2/individual/FREE/conversation,556,10008,48.3,75,115,52,47.5,38.5,0.0,3.1,95.0,8.3,5.9,8.0,0.00,251,106,0
2/individual/FREE/interrupted,555,9990,53.6,81,129,56,43.7,52.3,0.0,7.6,87.3,8.7,5.2,7.5,0.00,543,304,0
2/individual/FREE/disrupted,555,9990,43.7,62,97,42,42.5,41.5,0.0,9.4,85.3,9.1,6.1,8.4,0.00,632,495,0
2/individual/TURBO/quiet,556,10008,31.3,46,73,37,40.0,31.0,0.0,2.3,96.7,0.0,0.0,0.8,0.00,202,43,0
2/individual/TURBO/conversation,556,10008,40.8,65,103,53,40.3,49.0,0.0,8.4,87.5,0.0,0.0,0.9,0.00,762,104,0
2/individual/TURBO/interrupted,555,9990,43.7,69,114,55,35.1,61.4,0.0,15.4,75.7,0.0,0.0,0.9,0.00,1278,322,0
2/individual/TURBO/disrupted,555,9990,37.0,54,86,42,35.8,53.0,0.0,15.0,77.3,0.0,0.0,0.8,0.00,1211,430,0
3/one/VOTE/quiet,556,10008,57.6,75,101,37,54.5,19.4,0.7,1.0,99.0,0.0,0.0,0.9,0.08,167,268,268
3/one/VOTE/conversation,556,10008,72.0,98,135,53,54.7,37.4,9.1,5.8,93.3,0.0,0.0,0.9,0.08,2281,682,682
3/one/VOTE/interrupted,556,10008,78.5,105,147,56,52.6,49.7,19.2,14.3,84.0,0.0,0.0,0.8,0.05,5084,1982,1982
3/one/VOTE/disrupted,555,9990,64.3,85,115,43,53.9,29.0,5.5,5.9,94.2,0.0,0.0,0.8,0.13,1461,1138,1138
3/one/FREE/quiet,556,10008,46.0,63,92,38,42.2,20.4,0.0,1.1,99.0,10.2,2.5,4.6,0.10,46,108,108
3/one/FREE/conversation,556,10008,57.7,82,118,52,44.1,37.5,0.0,6.0,93.2,9.4,2.8,4.7,0.08,720,246,246
3/one/FREE/interrupted,555,9990,63.4,90,132,57,40.7,51.2,0.0,15.2,83.5,10.0,2.9,5.0,0.05,1616,672,672
3/one/FREE/disrupted,555,9990,50.7,70,101,42,41.7,29.0,0.0,5.6,94.3,9.7,3.2,5.2,0.11,473,394,394
3/one/TURBO/quiet,556,10008,40.4,55,80,37,37.0,29.5,0.0,4.5,95.5,0.0,0.0,0.7,0.07,573,95,95
3/one/TURBO/conversation,556,10008,49.6,73,106,54,38.0,47.8,0.0,14.2,83.7,0.0,0.0,0.8,0.04,2021,213,213
3/one/TURBO/interrupted,555,9990,53.4,78,119,59,33.4,60.5,0.0,25.3,69.3,0.0,0.0,0.8,0.02,3434,588,588
3/one/TURBO/disrupted,555,9990,44.3,62,95,43,35.5,38.9,0.0,10.9,88.5,0.0,0.0,1.0,0.05,1295,361,361
3/two/VOTE/quiet,556,10008,48.1,65,93,37,53.9,21.8,3.6,1.2,98.8,0.0,0.0,1.1,0.06,278,274,0
3/two/VOTE/conversation,556,10008,60.4,85,121,51,53.8,39.4,13.3,5.5,94.8,0.0,0.0,0.7,0.04,1610,684,0
3/two/VOTE/interrupted,556,10008,66.7,92,136,57,50.6,53.6,30.0,13.6,87.0,0.0,0.0,0.8,0.03,3562,2093,0
3/two/VOTE/disrupted,555,9990,60.5,80,110,44,52.4,45.5,31.1,14.6,85.9,0.0,0.0,0.8,0.00,3627,2700,0
3/two/FREE/quiet,556,10008,41.3,57,87,36,46.8,21.6,0.0,1.2,98.9,9.6,2.5,4.5,0.08,80,98,0
3/two/FREE/conversation,556,10008,53.7,79,120,53,46.9,40.2,0.0,5.9,94.6,9.7,2.6,4.9,0.06,555,227,0
3/two/FREE/interrupted,555,9990,59.1,87,132,58,43.5,54.6,0.0,13.5,85.7,9.6,2.0,3.9,0.03,1300,640,0
3/two/FREE/disrupted,555,9990,50.3,69,99,44,42.5,45.4,0.0,14.4,84.6,9.8,2.2,4.4,0.00,1391,917,0
3/two/TURBO/quiet,556,10008,36.1,50,76,36,41.5,32.8,0.0,6.0,95.1,0.0,0.0,0.9,0.02,638,100,0
3/two/TURBO/conversation,556,10008,46.4,70,111,54,41.4,53.3,0.0,14.5,86.1,0.0,0.0,0.9,0.02,1709,184,0
3/two/TURBO/interrupted,555,9990,48.9,73,119,56,36.6,63.3,0.0,24.3,74.2,0.0,0.0,0.9,0.01,2832,617,0
3/two/TURBO/disrupted,555,9990,42.4,59,90,44,37.4,55.6,0.0,24.1,75.5,0.0,0.0,0.8,0.00,2631,880,0
3/individual/VOTE/quiet,556,10008,38.6,55,86,37,47.0,20.9,2.0,0.7,99.3,0.0,0.0,0.8,0.06,17,281,0
3/individual/VOTE/conversation,556,10008,51.0,76,114,52,48.0,39.0,8.6,3.7,97.0,0.0,0.0,0.9,0.08,686,663,0
3/individual/VOTE/interrupted,555,9990,58.8,85,132,57,45.3,53.9,24.3,10.9,90.7,0.0,0.0,0.9,0.04,2002,2034,0
3/individual/VOTE/disrupted,555,9990,52.0,72,104,44,46.8,44.4,24.2,11.7,90.0,0.0,0.0,0.8,0.00,1763,2707,0
3/individual/FREE/quiet,556,10008,37.0,53,82,36,45.5,20.0,0.0,0.9,99.2,9.8,2.6,5.3,0.07,12,108,0
3/individual/FREE/conversation,556,10008,48.9,74,114,50,46.7,37.4,0.0,4.0,96.5,9.4,2.6,4.4,0.08,276,227,0
3/individual/FREE/interrupted,555,9990,54.7,82,127,56,42.4,51.4,0.0,10.2,90.6,9.1,2.0,3.9,0.05,672,613,0
3/individual/FREE/disrupted,555,9990,46.8,66,98,45,40.3,45.2,0.0,12.6,87.9,8.8,2.3,4.3,0.01,844,960,0
3/individual/TURBO/quiet,556,10008,31.9,46,74,36,39.0,30.8,0.0,1.3,98.9,0.0,0.0,0.7,0.06,68,95,0
3/individual/TURBO/conversation,556,10008,42.9,66,106,54,38.9,52.1,0.0,6.9,93.5,0.0,0.0,0.8,0.03,687,204,0
3/individual/TURBO/interrupted,555,9990,46.1,72,117,57,33.8,62.6,0.0,15.5,83.8,0.0,0.0,0.8,0.01,1563,570,0
3/individual/TURBO/disrupted,555,9990,38.9,56,86,43,34.2,54.8,0.0,16.3,83.6,0.0,0.0,0.6,0.00,1440,915,0
4/one/VOTE/quiet,556,10008,69.0,87,110,37,54.6,20.3,1.1,1.7,98.7,0.0,0.0,0.7,1.00,441,381,381
4/one/VOTE/conversation,556,10008,85.1,111,147,54,55.1,40.6,11.4,8.3,92.0,0.0,0.0,1.0,1.00,4030,918,918
4/one/VOTE/interrupted,556,10008,92.2,120,159,57,53.1,54.2,26.2,19.9,80.3,0.0,0.0,0.8,1.00,9329,2807,2807
4/one/VOTE/disrupted,555,9990,77.2,99,128,43,54.1,31.1,8.3,8.3,92.7,0.0,0.0,0.7,1.00,3022,1566,1566
4/one/FREE/quiet,556,10008,50.9,67,91,37,38.1,20.4,0.0,1.6,98.3,8.9,1.5,3.5,1.00,238,153,153
4/one/FREE/conversation,556,10008,63.5,88,125,54,39.5,40.8,0.0,8.3,91.7,9.3,1.6,3.7,1.00,1486,321,321
4/one/FREE/interrupted,555,9990,68.0,94,134,57,37.4,52.7,0.0,20.7,79.2,9.3,1.4,3.2,1.00,3429,944,944
4/one/FREE/disrupted,555,9990,56.3,75,106,42,37.4,31.2,0.0,8.1,92.9,9.8,1.7,3.6,1.00,1023,598,598
4/one/TURBO/quiet,556,10008,44.9,60,82,37,33.1,30.0,0.0,6.3,94.3,0.0,0.0,0.9,1.00,1131,159,159
4/one/TURBO/conversation,556,10008,54.2,77,109,53,35.0,50.5,0.0,20.1,79.3,0.0,0.0,0.8,1.00,3991,321,321
4/one/TURBO/interrupted,555,9990,57.5,82,121,58,31.2,63.8,0.0,34.1,63.0,0.0,0.0,0.6,1.00,6669,877,877
4/one/TURBO/disrupted,555,9990,48.9,66,96,42,32.1,41.4,0.0,15.3,85.8,0.0,0.0,0.6,1.00,2575,553,553
4/two/VOTE/quiet,556,10008,52.9,69,97,36,51.8,22.4,2.5,2.1,99.1,0.0,0.0,0.9,1.03,205,350,0
4/two/VOTE/conversation,556,10008,67.4,91,129,53,52.4,43.0,12.0,8.4,95.5,0.0,0.0,0.9,1.01,1804,983,0
4/two/VOTE/interrupted,556,10008,73.0,98,137,56,50.6,54.9,30.5,18.7,87.9,0.0,0.0,0.8,1.00,4494,2797,0
4/two/VOTE/disrupted,555,9990,67.9,87,115,45,51.8,48.8,33.4,19.1,86.7,0.0,0.0,0.9,1.00,4461,3839,0
4/two/FREE/quiet,556,10008,44.9,60,90,37,43.0,23.3,0.0,2.4,98.6,9.4,1.8,3.8,1.01,171,167,0
4/two/FREE/conversation,556,10008,57.7,82,123,53,44.0,43.4,0.0,8.5,94.3,9.2,1.6,3.2,1.00,894,326,0
4/two/FREE/interrupted,555,9990,62.9,89,132,58,41.0,57.9,0.0,18.3,86.3,9.4,1.7,3.4,1.00,1857,930,0
4/two/FREE/disrupted,555,9990,54.1,73,101,45,39.5,47.7,0.0,20.0,85.1,9.2,1.3,3.3,1.00,2037,1389,0
4/two/TURBO/quiet,556,10008,39.6,53,82,38,37.9,36.2,0.0,11.5,94.2,0.0,0.0,0.8,1.01,1168,129,0
4/two/TURBO/conversation,556,10008,49.1,71,108,53,39.0,55.2,0.0,22.5,85.0,0.0,0.0,0.8,1.00,2782,301,0
4/two/TURBO/interrupted,555,9990,51.3,75,118,56,34.6,65.1,0.0,33.8,72.9,0.0,0.0,0.7,1.00,4394,954,0
4/two/TURBO/disrupted,555,9990,45.3,61,92,43,35.1,56.7,0.0,33.8,73.8,0.0,0.0,0.8,1.00,4336,1314,0
4/individual/VOTE/quiet,556,10008,39.4,55,84,36,47.0,20.7,2.7,1.2,99.3,0.0,0.0,1.0,1.02,15,409,0
4/individual/VOTE/conversation,556,10008,53.4,78,119,52,48.1,40.1,10.8,5.6,97.0,0.0,0.0,1.0,1.02,837,992,0
4/individual/VOTE/interrupted,555,9990,61.0,87,130,57,45.2,53.9,28.5,14.4,91.6,0.0,0.0,0.8,1.01,2313,2783,0
4/individual/VOTE/disrupted,555,9990,55.1,75,104,44,47.0,46.3,30.1,15.3,90.4,0.0,0.0,0.9,1.01,2173,3806,0
4/individual/FREE/quiet,556,10008,37.5,54,84,36,44.8,20.3,0.0,1.2,99.4,9.1,1.6,3.3,1.01,2,148,0
4/individual/FREE/conversation,556,10008,51.3,77,116,53,45.1,41.5,0.0,5.0,97.1,9.9,1.8,3.7,1.01,308,312,0
4/individual/FREE/interrupted,555,9990,56.8,84,134,57,41.3,53.5,0.0,14.3,91.2,9.8,1.9,3.7,1.00,840,973,0
4/individual/FREE/disrupted,555,9990,47.9,67,100,44,39.2,46.2,0.0,15.8,89.3,9.8,1.3,3.1,1.00,1004,1415,0
4/individual/TURBO/quiet,556,10008,33.1,48,77,38,37.8,33.2,0.0,1.9,99.0,0.0,0.0,0.8,1.01,63,155,0
4/individual/TURBO/conversation,556,10008,44.0,68,105,54,38.2,54.5,0.0,7.9,95.3,0.0,0.0,0.8,1.01,617,344,0
4/individual/TURBO/interrupted,555,9990,46.4,71,119,55,33.1,62.5,0.0,17.7,88.3,0.0,0.0,0.9,1.00,1405,901,0
4/individual/TURBO/disrupted,555,9990,40.1,56,86,42,33.0,55.9,0.0,19.7,86.5,0.0,0.0,0.8,1.00,1589,1336,0
5/one/VOTE/quiet,556,10008,80.4,99,122,36,54.5,23.2,1.0,1.9,98.4,0.0,0.0,0.7,1.04,818,507,507
5/one/VOTE/conversation,556,10008,96.5,123,157,53,55.4,43.4,13.4,10.7,90.3,0.0,0.0,1.0,1.03,6481,1244,1244
5/one/VOTE/interrupted,556,10008,104.0,135,174,59,53.8,57.4,32.4,26.1,76.3,0.0,0.0,0.9,1.01,15095,3616,3616
5/one/VOTE/disrupted,555,9990,88.2,111,138,42,54.3,34.2,10.0,10.5,91.7,0.0,0.0,0.9,1.04,4790,1935,1935
5/one/FREE/quiet,556,10008,55.7,72,92,36,34.6,23.1,0.0,2.0,97.4,10.0,1.1,2.8,1.05,655,172,172
5/one/FREE/conversation,556,10008,68.5,94,129,53,36.7,44.5,0.0,11.3,88.7,9.0,1.0,2.7,1.04,2841,450,450
5/one/FREE/interrupted,555,9990,73.1,100,142,56,34.9,56.0,0.0,25.2,76.3,9.1,1.1,2.7,1.02,5478,1241,1241
5/one/FREE/disrupted,555,9990,61.6,81,108,43,34.1,35.7,0.0,10.8,90.3,9.7,0.9,2.5,1.04,2211,730,730
5/one/TURBO/quiet,556,10008,49.6,64,84,37,30.1,33.2,0.0,8.1,92.9,0.0,0.0,0.7,1.03,1973,182,182
5/one/TURBO/conversation,556,10008,58.3,82,115,55,32.6,56.5,0.0,26.2,73.0,0.0,0.0,0.8,1.01,7032,399,399
5/one/TURBO/interrupted,555,9990,60.2,85,123,58,29.6,66.0,0.0,39.9,57.3,0.0,0.0,1.0,1.01,10305,1175,1175
5/one/TURBO/disrupted,555,9990,53.5,73,99,44,29.4,46.5,0.0,20.3,81.3,0.0,0.0,0.9,1.03,4665,719,719
5/two/VOTE/quiet,556,10008,60.6,77,102,36,53.6,27.0,4.7,2.2,98.6,0.0,0.0,0.9,1.04,629,498,0
5/two/VOTE/conversation,556,10008,76.2,101,139,53,54.0,47.3,17.8,9.4,94.3,0.0,0.0,0.9,1.04,3283,1178,0
5/two/VOTE/interrupted,556,10008,82.8,108,152,57,51.9,59.3,41.8,22.1,85.0,0.0,0.0,1.0,1.02,7901,3673,0
5/two/VOTE/disrupted,555,9990,76.8,97,124,46,53.1,51.9,42.8,22.8,84.2,0.0,0.0,0.8,1.00,7685,4942,0
5/two/FREE/quiet,556,10008,47.8,63,87,37,40.5,27.9,0.0,2.4,98.1,9.5,1.3,3.1,1.06,418,177,0
5/two/FREE/conversation,556,10008,60.2,84,120,52,42.1,47.5,0.0,9.4,93.2,9.3,0.9,2.5,1.03,1509,463,0
5/two/FREE/interrupted,555,9990,65.4,91,133,57,39.3,59.1,0.0,22.2,83.8,9.6,1.2,2.6,1.01,3168,1272,0
5/two/FREE/disrupted,555,9990,56.5,75,103,44,37.1,51.6,0.0,21.7,83.8,9.3,0.9,2.7,1.00,3079,1780,0
5/two/TURBO/quiet,556,10008,42.2,56,81,38,35.6,40.5,0.0,12.0,92.9,0.0,0.0,0.9,1.01,1943,187,0
5/two/TURBO/conversation,556,10008,51.3,73,105,53,37.4,58.1,0.0,25.5,82.0,0.0,0.0,0.9,1.01,4531,425,0
5/two/TURBO/interrupted,555,9990,54.0,78,122,58,33.3,68.6,0.0,38.1,67.4,0.0,0.0,0.7,1.00,7246,1246,0
5/two/TURBO/disrupted,555,9990,47.4,63,93,44,33.3,59.7,0.0,37.4,69.7,0.0,0.0,0.9,1.00,6855,1827,0
5/individual/VOTE/quiet,556,10008,40.7,57,85,37,46.6,23.4,3.1,1.4,99.4,0.0,0.0,0.7,1.06,13,478,0
5/individual/VOTE/conversation,556,10008,55.1,79,120,52,47.6,43.4,12.7,6.5,97.2,0.0,0.0,0.8,1.06,988,1190,0
5/individual/VOTE/interrupted,555,9990,63.5,90,134,57,45.7,56.2,34.1,17.5,91.8,0.0,0.0,0.9,1.03,2789,3542,0
5/individual/VOTE/disrupted,555,9990,57.8,79,107,44,47.2,48.2,34.7,18.8,90.9,0.0,0.0,0.8,1.00,2287,4966,0
5/individual/FREE/quiet,556,10008,38.6,55,86,37,43.7,23.1,0.0,1.4,99.4,9.2,1.1,2.7,1.03,11,187,0
5/individual/FREE/conversation,556,10008,52.0,77,118,54,44.1,43.9,0.0,6.6,97.1,9.4,1.0,2.7,1.03,394,422,0
5/individual/FREE/interrupted,555,9990,57.9,85,131,57,40.2,56.4,0.0,17.7,91.6,9.2,1.1,2.6,1.03,1045,1244,0
5/individual/FREE/disrupted,555,9990,49.4,69,103,44,38.0,47.7,0.0,19.1,90.0,9.6,1.2,2.6,1.01,1147,1847,0
5/individual/TURBO/quiet,556,10008,33.8,48,78,37,37.1,36.3,0.0,2.0,99.2,0.0,0.0,1.0,1.03,54,193,0
5/individual/TURBO/conversation,556,10008,44.4,68,105,54,37.4,56.1,0.0,8.4,96.4,0.0,0.0,0.8,1.01,590,398,0
5/individual/TURBO/interrupted,555,9990,47.7,72,117,56,32.0,65.0,0.0,20.7,89.5,0.0,0.0,0.8,1.02,1564,1199,0
5/individual/TURBO/disrupted,555,9990,41.3,58,91,44,32.0,56.3,0.0,23.1,87.3,0.0,0.0,0.8,1.00,1913,1721,0
6/one/VOTE/quiet,556,10008,92.1,111,134,37,54.8,28.9,1.3,2.7,97.7,0.0,0.0,0.9,0.21,1758,553,553
6/one/VOTE/conversation,556,10008,108.6,137,171,54,55.7,48.2,17.2,13.3,88.0,0.0,0.0,0.9,0.17,10139,1461,1461
6/one/VOTE/interrupted,556,10008,113.4,147,184,57,54.1,58.1,36.2,29.1,74.3,0.0,0.0,0.9,0.12,20575,4346,4346
6/one/VOTE/disrupted,555,9990,101.1,126,153,43,54.5,40.1,12.4,13.6,89.6,0.0,0.0,0.9,0.26,7766,2471,2471
6/one/FREE/quiet,556,10008,60.8,78,98,37,31.7,28.6,0.0,2.9,96.1,9.2,0.5,2.0,0.18,1296,249,249
6/one/FREE/conversation,556,10008,72.9,99,131,53,34.4,47.9,0.0,13.1,86.0,9.8,0.7,2.2,0.18,4574,549,549
6/one/FREE/interrupted,555,9990,77.5,107,144,57,33.1,59.3,0.0,29.3,72.3,9.3,0.7,2.2,0.13,8168,1548,1548
6/one/FREE/disrupted,555,9990,66.7,88,114,43,31.6,40.2,0.0,13.7,87.9,9.5,0.9,2.2,0.17,3622,941,941
6/one/TURBO/quiet,556,10008,53.7,69,90,37,27.6,38.5,0.0,9.7,90.6,0.0,0.0,1.0,0.16,3309,255,255
6/one/TURBO/conversation,556,10008,61.4,86,116,54,30.8,57.8,0.0,29.9,69.8,0.0,0.0,0.8,0.09,9961,511,511
6/one/TURBO/interrupted,555,9990,63.1,91,128,58,28.2,66.7,0.0,42.7,54.3,0.0,0.0,0.9,0.06,13681,1479,1479
6/one/TURBO/disrupted,555,9990,57.5,78,106,44,27.3,49.7,0.0,23.1,79.1,0.0,0.0,0.8,0.16,6618,923,923
6/two/VOTE/quiet,556,10008,65.4,81,103,36,52.7,31.9,4.3,2.9,98.5,0.0,0.0,0.9,0.22,845,614,0
6/two/VOTE/conversation,556,10008,81.1,105,140,52,53.6,51.2,17.0,9.9,94.7,0.0,0.0,0.9,0.11,3547,1489,0
6/two/VOTE/interrupted,556,10008,89.7,115,157,57,52.2,60.9,42.7,25.6,85.1,0.0,0.0,0.8,0.07,9670,4379,0
6/two/VOTE/disrupted,555,9990,83.2,104,132,45,53.0,54.7,43.9,25.7,84.4,0.0,0.0,0.8,0.01,9086,6063,0
6/two/FREE/quiet,556,10008,50.2,64,88,36,38.4,32.2,0.0,2.5,97.6,9.8,0.6,2.1,0.18,733,222,0
6/two/FREE/conversation,556,10008,63.6,87,126,53,40.1,50.9,0.0,11.0,92.7,9.0,0.7,2.1,0.14,2083,537,0
6/two/FREE/interrupted,555,9990,68.9,95,139,58,37.5,61.6,0.0,24.8,83.4,9.4,0.4,1.7,0.09,4160,1520,0
6/two/FREE/disrupted,555,9990,60.0,79,106,44,35.2,54.5,0.0,25.2,82.4,9.2,0.6,2.2,0.00,4345,2314,0
6/two/TURBO/quiet,556,10008,44.3,57,81,38,33.7,42.8,0.0,12.5,93.7,0.0,0.0,0.9,0.07,2106,227,0
6/two/TURBO/conversation,556,10008,54.1,76,108,54,35.6,61.3,0.0,29.4,80.7,0.0,0.0,0.8,0.03,6052,580,0
6/two/TURBO/interrupted,555,9990,55.8,79,123,58,32.2,69.2,0.0,41.7,65.7,0.0,0.0,0.5,0.03,9589,1545,0
6/two/TURBO/disrupted,555,9990,49.6,66,94,44,31.8,61.7,0.0,41.3,67.9,0.0,0.0,0.8,0.00,9288,2201,0
6/individual/VOTE/quiet,556,10008,41.4,57,85,37,46.4,25.0,3.6,2.0,99.4,0.0,0.0,0.8,0.22,17,623,0
6/individual/VOTE/conversation,556,10008,56.7,82,122,53,47.8,44.5,15.3,7.8,97.2,0.0,0.0,0.8,0.15,1166,1468,0
6/individual/VOTE/interrupted,555,9990,65.1,91,134,57,46.1,55.9,38.9,20.1,92.0,0.0,0.0,1.0,0.08,3263,4247,0
6/individual/VOTE/disrupted,555,9990,59.9,81,109,44,47.8,48.5,38.6,20.8,91.4,0.0,0.0,0.9,0.00,2523,5829,0
6/individual/FREE/quiet,556,10008,38.9,55,83,37,43.3,25.0,0.0,1.8,99.4,9.3,0.5,2.1,0.20,7,234,0
6/individual/FREE/conversation,556,10008,52.1,77,114,52,43.7,45.8,0.0,7.8,97.3,9.5,0.5,2.2,0.14,423,563,0
6/individual/FREE/interrupted,555,9990,57.9,84,129,56,39.8,56.2,0.0,20.7,91.8,9.9,0.8,2.3,0.07,1233,1555,0
6/individual/FREE/disrupted,555,9990,50.3,70,101,45,37.3,49.4,0.0,21.3,90.1,9.5,0.6,2.0,0.01,1394,2275,0
6/individual/TURBO/quiet,556,10008,33.8,48,76,37,36.9,36.9,0.0,2.3,99.3,0.0,0.0,0.8,0.13,56,217,0
6/individual/TURBO/conversation,556,10008,44.9,69,108,54,36.7,56.3,0.0,10.0,96.6,0.0,0.0,0.8,0.04,646,530,0
6/individual/TURBO/interrupted,555,9990,48.4,73,114,56,31.7,65.7,0.0,23.8,90.3,0.0,0.0,0.8,0.03,1711,1492,0
6/individual/TURBO/disrupted,555,9990,42.4,59,92,44,31.5,57.5,0.0,26.1,87.9,0.0,0.0,1.0,0.00,2182,2145,0
