segment,model,parties,rounds,players,early_activation,late_activation,paired_activation_p10,paired_activation_p50,paired_activation_p90,paired_reserve_drop_p50,paired_reserve_drop_p90,longest_silence_p90_s,timeout_pct,engaged_rounds_per_person,turn_gap_gt1_pct,max_turn_gap
one_phone,fast,3335,80040,13340,0.1387,0.1410,-0.0278,0.0021,0.0324,0.0155,0.0467,108.6,12.9,21.97,0.8,2
two_phones,fast,3335,80040,13340,0.1592,0.1646,-0.0277,0.0052,0.0377,0.0404,0.0809,70.8,6.3,22.35,1.0,2
one_each,fast,3330,79920,13320,0.1665,0.1735,-0.0279,0.0069,0.0416,0.0510,0.0884,66.4,6.3,22.38,1.1,2
vote,fast,3360,80640,13440,0.1501,0.1546,-0.0249,0.0041,0.0342,0.0284,0.0705,60.2,7.1,23.67,1.3,2
free,fast,3340,80160,13360,0.1519,0.1561,-0.0279,0.0044,0.0358,0.0331,0.0725,98.2,6.7,21.60,0.0,1
turbo,fast,3300,79200,13200,0.1625,0.1684,-0.0310,0.0055,0.0437,0.0418,0.0889,94.6,11.7,21.41,1.6,2
players_2,fast,2000,48000,4000,0.2257,0.2375,-0.0274,0.0114,0.0510,0.0627,0.1210,55.1,7.0,23.02,0.0,0
players_3,fast,2000,48000,6000,0.1790,0.1863,-0.0320,0.0070,0.0464,0.0459,0.0905,67.7,7.9,22.49,1.0,2
players_4,fast,2000,48000,8000,0.1548,0.1602,-0.0206,0.0050,0.0314,0.0357,0.0761,78.9,8.3,22.22,1.1,2
players_5,fast,2000,48000,10000,0.1404,0.1437,-0.0264,0.0034,0.0325,0.0293,0.0669,91.0,8.7,22.06,1.5,2
players_6,fast,2000,48000,12000,0.1310,0.1334,-0.0310,0.0028,0.0357,0.0246,0.0615,100.7,10.4,21.99,1.4,2
one_phone,middle,3335,80040,13340,0.1941,0.2131,-0.0252,0.0167,0.0647,0.0514,0.1172,108.6,12.9,21.97,0.8,2
two_phones,middle,3335,80040,13340,0.2325,0.2758,-0.0143,0.0394,0.1040,0.1060,0.1734,70.8,6.3,22.35,1.0,2
one_each,middle,3330,79920,13320,0.2440,0.2974,-0.0082,0.0506,0.1173,0.1251,0.1836,66.4,6.3,22.38,1.1,2
vote,middle,3360,80640,13440,0.2144,0.2471,-0.0170,0.0275,0.0881,0.0838,0.1573,60.2,7.1,23.67,1.3,2
free,middle,3340,80160,13360,0.2198,0.2550,-0.0191,0.0321,0.0923,0.0923,0.1604,98.2,6.7,21.60,0.0,1
turbo,middle,3300,79200,13200,0.2367,0.2846,-0.0173,0.0429,0.1187,0.1090,0.1842,94.6,11.7,21.41,1.6,2
players_2,middle,2000,48000,4000,0.3297,0.4053,-0.0041,0.0691,0.1658,0.1570,0.2438,55.1,7.0,23.02,0.0,0
players_3,middle,2000,48000,6000,0.2607,0.3118,-0.0157,0.0482,0.1210,0.1200,0.1892,67.7,7.9,22.49,1.0,2
players_4,middle,2000,48000,8000,0.2242,0.2632,-0.0110,0.0352,0.0948,0.0975,0.1631,78.9,8.3,22.22,1.1,2
players_5,middle,2000,48000,10000,0.2020,0.2328,-0.0171,0.0275,0.0840,0.0829,0.1469,91.0,8.7,22.06,1.5,2
players_6,middle,2000,48000,12000,0.1871,0.2132,-0.0248,0.0245,0.0793,0.0720,0.1370,100.7,10.4,21.99,1.4,2
one_phone,slow,3335,80040,13340,0.2565,0.3281,-0.0044,0.0584,0.1621,0.1138,0.2135,108.6,12.9,21.97,0.8,2
two_phones,slow,3335,80040,13340,0.3005,0.4442,0.0345,0.1318,0.2662,0.1905,0.2769,70.8,6.3,22.35,1.0,2
one_each,slow,3330,79920,13320,0.3126,0.4824,0.0518,0.1643,0.2897,0.2138,0.2874,66.4,6.3,22.38,1.1,2
vote,slow,3360,80640,13440,0.2791,0.3898,0.0093,0.0963,0.2304,0.1632,0.2588,60.2,7.1,23.67,1.3,2
free,slow,3340,80160,13360,0.2860,0.4069,0.0164,0.1091,0.2359,0.1747,0.2619,98.2,6.7,21.60,0.0,1
turbo,slow,3300,79200,13200,0.3046,0.4586,0.0294,0.1415,0.2927,0.1945,0.2869,94.6,11.7,21.41,1.6,2
players_2,slow,2000,48000,4000,0.4226,0.6555,0.0734,0.2192,0.4146,0.2734,0.3707,55.1,7.0,23.02,0.0,0
players_3,slow,2000,48000,6000,0.3366,0.5013,0.0399,0.1583,0.3010,0.2154,0.2953,67.7,7.9,22.49,1.0,2
players_4,slow,2000,48000,8000,0.2908,0.4202,0.0269,0.1203,0.2465,0.1818,0.2591,78.9,8.3,22.22,1.1,2
players_5,slow,2000,48000,10000,0.2630,0.3697,0.0137,0.0981,0.2136,0.1589,0.2366,91.0,8.7,22.06,1.5,2
players_6,slow,2000,48000,12000,0.2439,0.3367,0.0010,0.0846,0.1964,0.1423,0.2233,100.7,10.4,21.99,1.4,2
