players/mode,parties,rounds,mean_s,timeout_pct,missed_action_pct,repeat_game_pct,raw_preference_vote_pct,three_sip_bet_pct,low_energy_observations_pct,low_mood_energy_observations_pct,actor_win_pct,sips_per_round,peer_actions_per_round
2/VOTE,2004,48096,25.8,7.8,9.7,0.0,80.4,32.1,16.2,15.5,51.3,0.8,2.6
2/FREE,2004,48096,25.9,8.0,9.3,0.0,0.0,37.9,53.6,47.5,53.6,0.8,0.8
2/TURBO,1992,47808,21.3,14.0,9.9,0.0,0.0,27.1,53.9,75.8,48.2,0.8,0.8
3/VOTE,2004,48096,30.2,8.1,9.8,0.0,81.4,27.1,14.8,14.3,51.3,0.8,4.2
3/FREE,2004,48096,27.9,8.0,9.5,0.0,0.0,33.4,40.7,36.6,54.2,0.7,1.5
3/TURBO,1992,47808,23.2,13.7,9.8,0.0,0.0,23.4,40.7,53.8,47.6,0.8,1.5
4/VOTE,2004,48096,34.0,8.3,9.6,0.0,81.7,24.2,14.1,13.4,51.4,0.8,5.9
4/FREE,2004,48096,29.7,8.2,9.4,0.0,0.0,29.8,35.9,32.9,54.3,0.7,2.3
4/TURBO,1992,47808,25.3,14.3,9.8,0.0,0.0,20.3,36.4,48.4,47.6,0.7,2.3
5/VOTE,2004,48096,38.2,9.2,9.7,0.0,82.2,21.4,13.7,13.2,50.6,0.7,7.6
5/FREE,2004,48096,32.1,9.1,9.4,0.0,0.0,27.2,34.2,31.3,53.9,0.7,3.1
5/TURBO,1992,47808,27.3,15.0,9.8,0.0,0.0,18.9,34.2,44.0,47.3,0.7,3.1
6/VOTE,2004,48096,42.0,10.3,9.8,0.0,82.1,19.7,13.6,13.2,50.4,0.6,9.2
6/FREE,2004,48096,34.0,10.2,9.5,0.0,0.0,24.9,32.5,31.2,53.7,0.7,3.8
6/TURBO,1992,47808,29.3,16.4,9.8,0.0,0.0,16.6,32.8,43.7,46.4,0.6,3.8
