topology/group,parties,rounds,mean_s,timeout_pct,missed_action_pct,repeat_game_pct,raw_preference_vote_pct,three_sip_bet_pct,low_energy_observations_pct,low_mood_energy_observations_pct,actor_win_pct,sips_per_round,peer_actions_per_round
shared/friends,2500,60000,34.5,5.9,7.7,0.0,81.0,25.8,9.4,16.4,51.8,0.7,3.7
shared/mixed,2500,60000,34.5,6.1,7.7,0.0,82.1,25.5,9.6,17.3,51.3,0.7,3.7
shared/competitive,2500,60000,38.3,12.1,8.1,0.0,82.0,22.4,9.6,26.0,47.6,0.8,3.6
shared/distracted,2500,60000,50.5,48.6,17.7,0.0,82.0,8.6,74.1,88.6,28.3,0.8,2.9
two/friends,2500,60000,21.7,2.6,7.4,0.0,81.3,30.1,9.1,10.8,56.2,0.7,3.7
two/mixed,2500,60000,21.6,2.6,7.5,0.0,81.7,30.0,9.2,10.8,55.9,0.7,3.7
two/competitive,2500,60000,24.6,5.4,7.7,0.0,82.1,28.1,9.5,15.0,53.8,0.7,3.7
two/distracted,2500,60000,35.8,31.6,17.0,0.0,82.0,16.6,70.2,66.9,40.4,0.8,3.0
each/friends,2500,60000,19.4,2.5,7.3,0.0,81.0,30.8,9.4,10.7,56.3,0.7,3.7
each/mixed,2500,60000,19.5,2.6,7.5,0.0,81.6,29.4,9.2,11.0,55.4,0.7,3.7
each/competitive,2500,60000,22.2,5.6,7.6,0.0,81.9,27.9,9.5,15.7,54.1,0.7,3.7
each/distracted,2500,60000,32.2,30.8,17.0,0.0,82.2,16.4,69.6,65.8,40.5,0.8,3.0
